Município,Classificação de % em relação a população geral,% em relação a população geral,Doses Aplicadas - D1,População,
SERRANA,1,65,2935764,29682,45644
FLORA RICA,2,34,26573427,490,1430
TURMALINA,3,32,54716981,552,1696
SANTANA DA PONTE PENSA,4,32,10633947,471,1467
ÁGUAS DE SÃO PEDRO,5,31,95115024,1125,3521
ARCO-ÍRIS,6,29,94923858,531,1773
SANTA SALETE,7,28,60824742,444,1552
FLOREAL,8,27,4137931,795,2900
RIBEIRÃO DOS ÍNDIOS,9,27,11330935,603,2224
URU,10,26,79965308,309,1153
ALFREDO MARCONDES,11,26,3623327,1103,4184
SÃO JOÃO DO PAU D'ALHO,12,26,28571429,552,2100
APARECIDA D'OESTE,13,25,80567581,1073,4158
SÃO CAETANO DO SUL,14,25,79944059,41784,161957
OSCAR BRESSANE,15,25,77794852,671,2603
PRESIDENTE BERNARDES,16,25,72371957,3350,13023
ÁLVARES FLORENCE,17,25,8911434,915,3647
PARISI,18,25,8068234,544,2169
ELDORADO,19,25,128667,3888,15544
DIVINOLÂNDIA,20,24,8692044,2757,11086
FLORÍNEA,21,24,76441764,657,2653
SANTOS,22,24,49845039,106239,433656
BARRA DO TURVO,23,24,31865828,1856,7632
SANTA RITA D'OESTE,24,24,24607961,603,2487
MESÓPOLIS,25,24,9448819,459,1905
NOVA CANAÃ PAULISTA,26,24,2807775,445,1852
ÓLEO,27,23,87697289,590,2471
PEDRANÓPOLIS,28,23,8210399,591,2481
INDIAPORÃ,29,23,7261966,922,3886
POPULINA,30,23,69942197,984,4152
ALTO ALEGRE,31,23,40998043,957,4088
SANTA CRUZ DA CONCEIÇÃO,32,23,37147887,1062,4544
CÂNDIDO RODRIGUES,33,23,1511254,648,2799
MAGDA,34,23,14635719,718,3102
TURIÚBA,35,23,1980198,465,2020
TUPI PAULISTA,36,22,9673362,3579,15583
SANTA ALBERTINA,37,22,91597476,1380,6022
DOLCINÓPOLIS,38,22,86931818,483,2112
MARINÓPOLIS,39,22,83950617,481,2106
SÃO FRANCISCO,40,22,8257011,643,2817
ADOLFO,41,22,76308385,809,3554
DUARTINA,42,22,75396123,2829,12433
NEVES PAULISTA,43,22,68295416,2024,8923
JALES,44,22,63571879,11137,49201
SANTA FÉ DO SUL,45,22,5900562,7356,32563
CRUZÁLIA,46,22,58064516,462,2046
SANTA RITA DO PASSA QUATRO,47,22,57246377,6230,27600
TAIÚVA,48,22,53774263,1254,5564
SANTA CLARA D'OESTE,49,22,47988642,475,2113
ADAMANTINA,50,22,41462789,7870,35111
PONGAÍ,51,22,32352941,759,3400
ASPÁSIA,52,22,27722772,405,1818
MIRA ESTRELA,53,22,24726336,691,3106
NOVA GUATAPORANGA,54,22,23655914,517,2325
PALMEIRA D'OESTE,55,22,2282432,2051,9227
SABINO,56,22,15888849,1244,5614
CEDRAL,57,22,3081532,2059,9346
FERNANDO PRESTES,58,22,2278219,1276,5794
MONÇÕES,59,22,114689,499,2267
GÁLIA,60,21,9531009,1423,6482
FERNANDÓPOLIS,61,21,94028991,15227,69402
CÁSSIA DOS COQUEIROS,62,21,91616767,549,2505
TUPÃ,63,21,89873418,14359,65570
ÁGUAS DA PRATA,64,21,87081864,1798,8221
URÂNIA,65,21,85307018,1993,9120
AVAÍ,66,21,78072112,1184,5436
TIMBURI,67,21,7571644,577,2652
LAGOINHA,68,21,66087134,1059,4889
LUCIANÓPOLIS,69,21,63961715,520,2403
LUTÉCIA,70,21,58573596,569,2636
NHANDEARA,71,21,4626529,2474,11527
IPORANGA,72,21,3622291,897,4199
COSMORAMA,73,21,36201699,1559,7298
MURUTINGA DO SUL,74,21,34931203,962,4506
MONTE CASTELO,75,21,33941431,889,4166
DRACENA,76,21,17637056,9962,47043
LOURDES,77,21,4347826,484,2300
BILAC,78,20,90673894,1697,8117
POLONI,79,20,88990676,1277,6113
TRÊS FRONTEIRAS,80,20,85048011,1216,5832
PIQUEROBI,81,20,84347121,771,3699
ESTRELA D'OESTE,82,20,81007246,1752,8419
MACEDÔNIA,83,20,80173348,768,3692
BORÁ,84,20,76372315,174,838
FERNÃO,85,20,671685,357,1727
ITAJOBI,86,20,65764529,3160,15297
SANTA CRUZ DA ESPERANÇA,87,20,62238737,444,2153
CATANDUVA,88,20,49193042,25102,122497
SÃO JOÃO DA BOA VISTA,89,20,48795371,18802,91771
EMILIANÓPOLIS,90,20,4524326,660,3227
BERNARDINO DE CAMPOS,91,20,45169385,2282,11158
TORRE DE PEDRA,92,20,39636664,494,2422
SANTO EXPEDITO,93,20,35087719,638,3135
PONTES GESTAL,94,20,33372138,524,2577
PALMITAL,95,20,30352012,4522,22272
GENERAL SALGADO,96,20,27250967,2202,10862
CARDOSO,97,20,26884768,2503,12349
VERA CRUZ,98,20,25316456,2192,10823
ECHAPORÃ,99,20,18469657,1224,6064
PIRATININGA,100,20,15982565,2775,13765
MARAPOAMA,101,20,13707572,617,3064
NATIVIDADE DA SERRA,102,20,11442337,1336,6642
VOTUPORANGA,103,20,10635843,19169,95338
MERIDIANO,104,20,8368201,768,3824
DIRCE REIS,105,20,6670372,361,1799
SANTO ANTÔNIO DA ALEGRIA,106,20,5159811,1399,6977
BÁLSAMO,107,19,96936208,1825,9139
ILHA SOLTEIRA,108,19,96416306,5348,26788
INDIANA,109,19,96310719,974,4879
OSVALDO CRUZ,110,19,95151515,6584,33000
SANTO ANTÔNIO DO JARDIM,111,19,94949495,1185,5940
PRESIDENTE VENCESLAU,112,19,93532577,7891,39583
ROSANA,113,19,90049751,3240,16281
SOCORRO,114,19,82249952,8197,41352
MACAUBAL,115,19,79869891,1613,8147
BOTUCATU,116,19,75967056,29270,148130
PRESIDENTE ALVES,117,19,75490196,806,4080
GUARAÇAÍ,118,19,73462002,1636,8290
GABRIEL MONTEIRO,119,19,70461095,547,2776
ITAOCA,120,19,54954955,651,3330
TUIUTI,121,19,53561703,1363,6977
GUARANI D'OESTE,122,19,51951952,390,1998
ANDRADINA,123,19,5185483,11165,57202
PARAPUÃ,124,19,49949767,2135,10949
AREALVA,125,19,49378846,1679,8613
MONTE ALEGRE DO SUL,126,19,4797189,1580,8111
PARIQUERA-AÇU,127,19,38853116,3824,19723
RIBEIRÃO DO SUL,128,19,38753029,880,4539
SAGRES,129,19,34156379,470,2430
POMPÉIA,130,19,32166697,4284,22172
SANTO ANASTÁCIO,131,19,29933864,4027,20866
SALES,132,19,29140003,1236,6407
SERRA NEGRA,133,19,27882657,5678,29452
RUBINÉIA,134,19,21135647,609,3170
RIFAINA,135,19,17582418,698,3640
RINÓPOLIS,136,19,15470334,1908,9961
PIRAJU,137,19,9672235,5704,29869
PEDRINHAS PAULISTA,138,19,2612061,590,3101
SÃO JOSÉ DO RIO PARDO,139,19,261229,10475,55124
SÃO JOÃO DE IRACEMA,140,18,99585921,367,1932
SARUTAIÁ,141,18,98071625,689,3630
BURITIZAL,142,18,94107222,855,4514
MOCOCA,143,18,88373442,13026,68980
DOURADO,144,18,86686191,1675,8878
BARRETOS,145,18,85893856,23165,122833
PRESIDENTE PRUDENTE,146,18,79750489,43304,230371
MENDONÇA,147,18,77807727,1045,5565
ITOBI,148,18,75955171,1473,7852
AMÉRICO DE CAMPOS,149,18,74268517,1121,5981
PORANGABA,150,18,70467865,1883,10067
URUPÊS,151,18,67799539,2594,13888
TANABI,152,18,65828895,4870,26101
IEPÊ,153,18,61117891,1525,8194
ÁGUAS DE LINDÓIA,154,18,59846874,3498,18808
BARRA BONITA,155,18,59048885,6716,36126
ALTINÓPOLIS,156,18,57063507,3009,16203
SEBASTIANÓPOLIS DO SUL,157,18,57062465,660,3554
ILHA COMPRIDA,158,18,54427038,2107,11362
MIRANTE DO PARANAPANEMA,159,18,50256298,3393,18338
SÃO JOSÉ DO RIO PRETO,160,18,4937944,85993,464983
SANTA MERCEDES,161,18,48453959,544,2943
VITÓRIA BRASIL,162,18,4723727,341,1846
DESCALVADO,163,18,45473312,6258,33910
IBIRÁ,164,18,45342707,2310,12518
GARÇA,165,18,45121484,8194,44409
RIVERSUL,166,18,42733787,1003,5443
ASSIS,167,18,39713761,19333,105087
TORRINHA,168,18,39697693,1850,10056
NOVA CASTILHO,169,18,38810642,235,1278
ARAÇATUBA,170,18,35874607,36374,198129
PENÁPOLIS,171,18,25368195,11638,63757
ARAPEÍ,172,18,25203252,449,2460
OURO VERDE,173,18,24825986,1573,8620
CORONEL MACEDO,174,18,23085221,845,4635
ARARAQUARA,175,18,1946723,43365,238339
UCHOA,176,18,17554921,1845,10151
BEBEDOURO,177,18,17033073,14092,77555
PEDRA BELA,178,18,11783961,1107,6110
LINS,179,18,11268359,14219,78503
ESPÍRITO SANTO DO PINHAL,180,18,7919768,8040,44471
JOANÓPOLIS,181,18,6867596,2410,13338
BAURU,182,18,66966,68276,379297
MARÍLIA,183,18,33252,43307,240590
SUD MENNUCCI,184,17,96066253,1388,7728
IACRI,185,17,9030977,1127,6295
TABAPUÃ,186,17,89347217,2234,12485
BRAÚNA,187,17,88886954,1027,5741
EMBAÚBA,188,17,88485096,438,2449
OLÍMPIA,189,17,8487212,9840,55130
REDENÇÃO DA SERRA,190,17,84318833,685,3839
BARÃO DE ANTONINA,191,17,83876501,624,3498
SÃO BENTO DO SAPUCAÍ,192,17,80042229,1939,10893
VARGEM GRANDE DO SUL,193,17,78473672,7667,43110
PIRASSUNUNGA,194,17,76604186,13658,76877
AGUDOS,195,17,753536,6640,37401
PARANAPUÃ,196,17,75335775,727,4095
MIRASSOLÂNDIA,197,17,74750966,873,4919
PEREIRA BARRETO,198,17,74350586,4556,25677
PAULISTÂNIA,199,17,72082879,325,1834
SÃO LUIZ DO PARAITINGA,200,17,70813845,1893,10690
INÚBIA PAULISTA,201,17,6909679,711,4019
SANTA CRUZ DO RIO PARDO,202,17,61675323,8446,47943
BANANAL,203,17,61120713,1936,10993
ITUVERAVA,204,17,60019027,7400,42045
ORIENTE,205,17,5787221,1150,6542
SÃO PEDRO,206,17,56809339,6321,35980
ZACARIAS,207,17,55087209,483,2752
SÃO JOSÉ DO BARREIRO,208,17,54343629,727,4144
SANTA ADÉLIA,209,17,53743333,2729,15561
PIRANGI,210,17,53116555,2011,11471
ANHUMAS,211,17,51930502,726,4144
JUNQUEIRÓPOLIS,212,17,51236138,3648,20831
POTIRENDABA,213,17,50970541,3067,17516
CASTILHO,214,17,48718672,3719,21267
FARTURA,215,17,47977598,2809,16070
NUPORANGA,216,17,47793528,1307,7478
PAULO DE FARIA,217,17,46846746,1565,8959
OURINHOS,218,17,40590458,19904,114352
TAQUARITINGA,219,17,37500872,9967,57364
PIQUETE,220,17,32596685,2352,13575
MONTE APRAZÍVEL,221,17,25850313,4379,25373
ITAPORANGA,222,17,2477427,2617,15173
MOGI MIRIM,223,17,21623065,16123,93650
PARAÍSO,224,17,21059113,1118,6496
SANTO ANDRÉ,225,17,19912721,124069,721368
GUAIMBÊ,226,17,18236819,994,5785
AURIFLAMA,227,17,1769488,2620,15253
OCAUÇU,228,17,15217898,736,4291
ITAPIRA,229,17,14650291,12900,75234
TRABIJU,230,17,14614499,298,1738
ALVINLÂNDIA,231,17,1455051,555,3237
PINDORAMA,232,17,1410316,2951,17216
CAJOBI,233,17,13854285,1816,10596
MONTEIRO LOBATO,234,17,120954,804,4696
SÃO CARLOS,235,17,8123104,43469,254484
MONTE ALTO,236,17,4285827,8653,50772
CAFELÂNDIA,237,17,2068038,3037,17843
TAIAÇU,238,17,949367,1075,6320
PIACATU,239,17,894336,1027,6038
IGUAPE,240,16,99312659,5266,30989
AMPARO,241,16,9819888,12342,72677
CUNHA,242,16,98122,3644,21459
BARIRI,243,16,98070758,6038,35558
PALESTINA,244,16,94734436,2224,13123
SÃO JOÃO DAS DUAS PONTES,245,16,94650527,434,2561
RANCHARIA,246,16,9413981,5036,29726
BREJO ALEGRE,247,16,92627207,489,2889
BASTOS,248,16,91404572,3544,20953
NOVA ALIANÇA,249,16,80814941,1188,7068
RIO CLARO,250,16,77339333,34890,208008
TAPIRAÍ,251,16,76538759,1302,7766
ITÁPOLIS,252,16,75936397,7262,43331
BORBOREMA,253,16,75327889,2708,16164
MIRANDÓPOLIS,254,16,71379519,4965,29706
NOVO HORIZONTE,255,16,69966678,6916,41414
CABRÁLIA PAULISTA,256,16,68630686,708,4243
PACAEMBU,257,16,67250929,2378,14263
CAIABU,258,16,67064155,699,4193
ITIRAPUÃ,259,16,6437414,1089,6543
TAPIRATIBA,260,16,64092664,2155,12950
COLINA,261,16,62260588,3081,18535
BRAGANÇA PAULISTA,262,16,6008925,28310,170533
BORACÉIA,263,16,59819228,808,4868
MARACAÍ,264,16,59304645,2329,14036
QUINTANA,265,16,56698565,1108,6688
TAQUARAL,266,16,56594383,466,2813
CONCHAS,267,16,55474777,2983,18019
SÃO PEDRO DO TURVO,268,16,55405405,1274,7696
PINHALZINHO,269,16,54536002,2546,15388
ATIBAIA,270,16,50380323,23780,144088
AVARÉ,271,16,47557874,15031,91232
ARAMINA,272,16,44562334,930,5655
JABOTICABAL,273,16,41554628,12747,77652
ITANHAÉM,274,16,3992939,16908,103102
IGARATÁ,275,16,34143796,1566,9583
BURITAMA,276,16,33007349,2822,17281
JUQUIÁ,277,16,32653061,3056,18718
OUROESTE,278,16,31084543,1719,10539
TAQUARITUBA,279,16,30116959,3791,23256
ESTRELA DO NORTE,280,16,28158845,451,2770
REGENTE FEIJÓ,281,16,27929783,3320,20394
LUCÉLIA,282,16,27524445,3562,21886
SILVEIRAS,283,16,26439502,1031,6339
ÁLVARES MACHADO,284,16,2613009,4065,24998
SÃO SEBASTIÃO DA GRAMA,285,16,25956082,1977,12159
ITAJU,286,16,25932596,632,3887
UBIRAJARA,287,16,2572856,781,4804
REGISTRO,288,16,25556363,9167,56393
CÂNDIDO MOTA,289,16,20940471,5081,31346
MARIÁPOLIS,290,16,20630653,663,4091
ÁGUAS DE SANTA BÁRBARA,291,16,2055983,990,6109
CACONDE,292,16,13446262,3067,19009
SÃO PAULO,293,16,13230485,1988344,12325232
GUARARAPES,294,16,12990937,5339,33100
MANDURI,295,16,1049445,1596,9910
JAÚ,296,16,10405515,24459,151881
MONTE AZUL PAULISTA,297,16,7444116,3049,18968
PARDINHO,298,16,7252612,1046,6508
ARANDU,299,16,7227023,1023,6365
ARARAS,300,16,5832952,21760,135506
LARANJAL PAULISTA,301,16,5350009,4621,28785
BADY BASSITT,302,16,520241,2851,17761
TERRA ROXA,303,16,4323408,1514,9437
IRAPURU,304,16,3603604,1335,8325
PERUÍBE,305,16,1715917,11052,69001
PLATINA,306,16,1453326,573,3578
CHAVANTES,307,16,96634,1987,12418
SÃO SIMÃO,308,15,9961001,2461,15385
SALMOURÃO,309,15,98276185,853,5337
CASA BRANCA,310,15,96657929,4873,30520
CAJURU,311,15,96256583,4213,26393
MARTINÓPOLIS,312,15,9493766,4247,26628
VARGEM,313,15,93714927,1704,10692
IPIGUÁ,314,15,92403214,872,5476
CACHOEIRA PAULISTA,315,15,88100414,5333,33581
CAMPINA DO MONTE ALEGRE,316,15,86594023,961,6057
COLÔMBIA,317,15,84620335,985,6216
SALES OLIVEIRA,318,15,83597266,1900,11998
RIBEIRA,319,15,82582583,527,3330
MONGAGUÁ,320,15,82535387,9123,57648
PORTO FERREIRA,321,15,82188872,8940,56504
BATATAIS,322,15,76532233,9929,62980
JABORANDI,323,15,73567521,1093,6946
TAMBAÚ,324,15,72830579,3654,23232
ARIRANHA,325,15,72584776,1535,9761
JUNDIAÍ,326,15,70805142,66446,423006
SANTA ROSA DE VITERBO,327,15,70291182,4201,26753
CAMPOS NOVOS PAULISTA,328,15,68941365,784,4997
ELISIÁRIO,329,15,66134704,579,3697
AREIAS,330,15,65708419,610,3896
JACI,331,15,63368538,1125,7196
ONDA VERDE,332,15,62641339,691,4422
LINDÓIA,333,15,60800791,1263,8092
ITABERÁ,334,15,59496568,2726,17480
AMERICANA,335,15,58603079,37721,242018
MIRASSOL,336,15,57633949,9393,60303
IACANGA,337,15,55068308,1844,11858
CAIUÁ,338,15,53985873,924,5946
GLICÉRIO,339,15,48974943,748,4829
PILAR DO SUL,340,15,46493436,4547,29402
RUBIÁCEA,341,15,40164453,487,3162
RIBEIRÃO PRETO,342,15,39690233,109599,711825
APARECIDA,343,15,3350836,5549,36185
DOIS CÓRREGOS,344,15,33149171,4218,27512
GUARATINGUETÁ,345,15,29570222,18738,122505
IRAPUÃ,346,15,2833002,1230,8048
UNIÃO PAULISTA,347,15,28150134,285,1865
CERQUEIRA CÉSAR,348,15,27908474,3085,20191
GUAPIARA,349,15,27165933,2600,17025
JOSÉ BONIFÁCIO,350,15,2678906,5705,37366
CANANÉIA,351,15,25396699,1913,12541
SALTO GRANDE,352,15,23921401,1427,9364
ITAPURA,353,15,22924662,754,4951
CAMPINAS,354,15,19716723,184462,1213792
PIRACICABA,355,15,18863014,61856,407252
CATIGUÁ,356,15,18777849,1193,7855
SALESÓPOLIS,357,15,18664503,2620,17252
SALTINHO,358,15,1793161,1274,8393
SUZANÁPOLIS,359,15,17189836,609,4014
GUARANTÃ,360,15,16104869,1012,6675
VIRADOURO,361,15,13908608,2879,19017
SANTA BRANCA,362,15,11745305,2246,14857
VINHEDO,363,15,8032605,12081,80111
PIRACAIA,364,15,7537688,4140,27462
ICÉM,365,15,5298651,1250,8304
IBIRAREMA,366,15,3634741,1179,7841
JERIQUARA,367,15,1110759,473,3151
SARAPUÍ,368,14,98556304,1557,10390
CRUZEIRO,369,14,98467985,12373,82571
PRAIA GRANDE,370,14,93418368,49409,330845
NOVA GRANADA,371,14,9292268,3238,21689
PRESIDENTE EPITÁCIO,372,14,92261596,6624,44389
RIBEIRÃO BONITO,373,14,91841492,1984,13299
GUAÍRA,374,14,86111111,6099,41040
ANALÂNDIA,375,14,85363924,751,5056
CORUMBATAÍ,376,14,83759843,603,4064
BROTAS,377,14,81977594,3651,24636
GUARACI,378,14,79578276,1670,11287
GUATAPARÁ,379,14,78791024,1140,7709
ANGATUBA,380,14,77687507,3765,25479
RIBEIRÃO PIRES,381,14,76977102,18338,124159
TATUÍ,382,14,75599145,18145,122967
PARAGUAÇU PAULISTA,383,14,75024486,6777,45945
BOFETE,384,14,69675363,1752,11921
PEDRO DE TOLEDO,385,14,69223361,1678,11421
IBITINGA,386,14,66666667,8888,60600
PEDREIRA,387,14,66273239,7106,48463
SÃO MANUEL,388,14,6560319,6027,41123
JACAREÍ,389,14,64089102,34467,235416
PIRAJUÍ,390,14,63509468,3764,25719
SANTO ANTÔNIO DO ARACANGUÁ,391,14,63270841,1241,8481
PIEDADE,392,14,61416586,8117,55542
TEJUPÁ,393,14,60699176,656,4491
GUARAREMA,394,14,58720467,4396,30136
BRODOWSKI,395,14,58638288,3687,25277
MOGI GUAÇU,396,14,58378258,22318,153033
PATROCÍNIO PAULISTA,397,14,56068076,2156,14807
APIAÍ,398,14,55873855,3527,24226
TAUBATÉ,399,14,55420474,46270,317915
GETULINA,400,14,55403162,1666,11447
MIGUELÓPOLIS,401,14,53366137,3249,22355
LUPÉRCIO,402,14,51261967,667,4596
MINEIROS DO TIETÊ,403,14,49946013,1880,12966
ITAPETININGA,404,14,49742035,23997,165526
VALINHOS,405,14,49660849,19021,131210
RINCÃO,406,14,48390677,1566,10812
QUATÁ,407,14,47572132,2057,14210
SANTO ANTÔNIO DO PINHAL,408,14,47194961,988,6827
PARAIBUNA,409,14,47188304,2643,18263
QUADRA,410,14,45251687,557,3854
PROMISSÃO,411,14,44841775,5899,40828
BARBOSA,412,14,4483128,1079,7468
NAZARÉ PAULISTA,413,14,44539523,2701,18698
MAIRINQUE,414,14,44531102,6853,47441
SÃO JOAQUIM DA BARRA,415,14,42305855,7546,52319
IBIÚNA,416,14,41890311,11460,79479
SÃO BERNARDO DO CAMPO,417,14,38536951,121482,844483
MIRACATU,418,14,36644097,2822,19643
MATÃO,419,14,33884199,11991,83626
MOMBUCA,420,14,3386545,503,3508
IPAUSSU,421,14,33406331,2160,15069
LORENA,422,14,33043478,12772,89125
SÃO JOSÉ DOS CAMPOS,423,14,31625366,104471,729737
PANORAMA,424,14,30462741,2269,15862
FRANCA,425,14,30060607,50896,355901
HERCULÂNDIA,426,14,26783479,1368,9588
PEREIRAS,427,14,24826171,1250,8773
BOCAINA,428,14,18246065,1766,12452
MORUNGABA,429,14,12814745,1947,13781
GAVIÃO PEIXOTO,430,14,12253375,680,4815
PEDREGULHO,431,14,10980905,2372,16811
GASTÃO VIDIGAL,432,14,9465021,685,4860
TACIBA,433,14,9385369,892,6329
FLÓRIDA PAULISTA,434,14,8384043,2083,14790
JAMBEIRO,435,14,836683,946,6717
ALAMBARI,436,14,6428455,862,6129
MACATUBA,437,14,6413385,2421,17214
COROADOS,438,14,316528,860,6129
ORLÂNDIA,439,14,2840397,6223,44360
ROSEIRA,440,14,1722063,1514,10801
SALTO DE PIRAPORA,441,13,99476668,6418,45860
CRISTAIS PAULISTA,442,13,99403533,1220,8718
MOTUCA,443,13,99374348,671,4795
ANHEMBI,444,13,99032116,954,6819
GUARÁ,445,13,99005069,2981,21308
JARDINÓPOLIS,446,13,94929953,6273,44970
JÚLIO MESQUITA,447,13,89583333,667,4800
CAÇAPAVA,448,13,86474142,13174,95018
ITAPEVA,449,13,86439391,13144,94804
GUZOLÂNDIA,450,13,83078952,734,5307
BOREBI,451,13,8278047,371,2683
NARANDIBA,452,13,82544861,678,4904
GUAPIAÇU,453,13,81859931,3009,21775
TIETÊ,454,13,81094621,5872,42517
SÃO ROQUE,455,13,79209211,12697,92060
ITARARÉ,456,13,78894988,6983,50642
SANTÓPOLIS DO AGUAPEÍ,457,13,78451318,664,4817
ITU,458,13,74624077,24134,175568
IGARAPAVA,459,13,72901287,4203,30614
TABATINGA,460,13,72266282,2284,16644
BENTO DE ABREU,461,13,71048253,412,3005
RIBEIRÃO GRANDE,462,13,67365542,1050,7679
TREMEMBÉ,463,13,6060695,6492,47714
EUCLIDES DA CUNHA PAULISTA,464,13,59785523,1268,9325
SETE BARRAS,465,13,5915493,1737,12780
LIMEIRA,466,13,55994839,41830,308482
LEME,467,13,52423667,14112,104346
SALTO,468,13,49635866,16160,119736
ITAPUÍ,469,13,48695837,1908,14147
CAPÃO BONITO,470,13,45770194,6341,47118
SANTO ANTÔNIO DE POSSE,471,13,45573548,3166,23529
SOROCABA,472,13,44847001,92439,687357
LENÇÓIS PAULISTA,473,13,43962893,9272,68990
PIRAPOZINHO,474,13,43229805,3728,27754
PEDERNEIRAS,475,13,41300333,6319,47111
TARABAI,476,13,38196287,1009,7540
CRAVINHOS,477,13,36181455,4754,35579
PORTO FELIZ,478,13,35717763,7133,53402
LUIZIÂNIA,479,13,30486764,779,5855
RAFARD,480,13,28425448,1209,9101
TEODORO SAMPAIO,481,13,26000086,3086,23273
NOVA LUZITÂNIA,482,13,24519231,551,4160
VALENTIM GENTIL,483,13,22790423,1790,13532
SÃO MIGUEL ARCANJO,484,13,16889886,4346,33002
ITATIBA,485,13,16435663,16137,122581
PINDAMONHANGABA,486,13,1462629,22366,170132
JUQUITIBA,487,13,14226127,4159,31646
SERTÃOZINHO,488,13,11132435,16670,127142
SANTA MARIA DA SERRA,489,13,10134702,817,6236
JUMIRIM,490,13,7782329,447,3418
JACUPIRANGA,491,13,3594388,2332,17889
JOÃO RAMALHO,492,13,3010327,593,4551
GUAIÇARA,493,12,99007646,1597,12294
PARANAPANEMA,494,12,98847757,2649,20395
SANDOVALINA,495,12,95360588,564,4354
PLANALTO,496,12,95248869,687,5304
SANTA ERNESTINA,497,12,93843951,723,5588
CAMPOS DO JORDÃO,498,12,87854212,6749,52405
BIRIGUI,499,12,86964599,16072,124883
INDAIATUBA,500,12,82866878,32870,256223
JAGUARIÚNA,501,12,81802391,7527,58722
SANTA BÁRBARA D'OESTE,502,12,81701734,24915,194390
CERQUILHO,503,12,77257941,6361,49802
OSASCO,504,12,73787617,89158,699944
NANTES,505,12,67694244,403,3179
ESTIVA GERBI,506,12,67642676,1446,11407
ITARIRI,507,12,65484714,2227,17598
ARAÇOIABA DA SERRA,508,12,64665286,4398,34776
SANTA ISABEL,509,12,62809233,7320,57966
AGUAÍ,510,12,6146038,4623,36648
CAPIVARI,511,12,60575746,7107,56379
PONTALINDA,512,12,60162602,589,4674
BARUERI,513,12,59287607,34880,276982
QUEIROZ,514,12,57225434,435,3460
SÃO LOURENÇO DA SERRA,515,12,47965953,1994,15978
GUARUJÁ,516,12,46444617,40229,322750
DUMONT,517,12,46133892,1249,10023
HOLAMBRA,518,12,46071242,1903,15272
SANTA CRUZ DAS PALMEIRAS,519,12,43630711,4320,34737
CORDEIRÓPOLIS,520,12,43051639,3086,24826
ALTAIR,521,12,42236025,520,4186
JARINU,522,12,37221152,3788,30617
MOGI DAS CRUZES,523,12,36309993,55731,450785
BOA ESPERANÇA DO SUL,524,12,3385271,1853,15018
CESÁRIO LANGE,525,12,32108844,2264,18375
CAPELA DO ALTO,526,12,29926138,2581,20985
TARUMÃ,527,12,29006125,1866,15183
RIBEIRÃO CORRENTE,528,12,26851852,583,4752
ARTUR NOGUEIRA,529,12,25695699,6783,55340
SÃO VICENTE,530,12,25231095,45132,368355
CONCHAL,531,12,20245464,3450,28273
NOVA EUROPA,532,12,19726993,1385,11355
CHARQUEADA,533,12,17826913,2115,17367
ILHABELA,534,12,14913883,4324,35591
ITAÍ,535,12,14666569,3326,27382
NOVA INDEPENDÊNCIA,536,12,1144831,491,4053
RIBEIRÃO BRANCO,537,12,905558,1960,16211
PAULICÉIA,538,12,8746982,901,7454
VALPARAÍSO,539,12,833644,3241,26822
ESPÍRITO SANTO DO TURVO,540,12,7462075,589,4878
CLEMENTINA,541,12,7034373,1057,8757
BIRITIBA MIRIM,542,12,4457129,3967,32936
AMÉRICO BRASILIENSE,543,12,174498,4931,41032
MONTE MOR,544,11,98275011,7280,60754
IGARAÇU DO TIETÊ,545,11,95603863,2959,24749
CARAGUATATUBA,546,11,92975063,14720,123389
UBATUBA,547,11,90211709,10929,91824
SÃO JOSÉ DA BELA VISTA,548,11,89732143,1066,8960
FRANCO DA ROCHA,549,11,86258723,18564,156492
ELIAS FAUSTO,550,11,85325602,2126,17936
REGINÓPOLIS,551,11,81254448,1162,9837
ITAPIRAPUÃ PAULISTA,552,11,80880975,504,4268
SANTA LÚCIA,553,11,80257511,1045,8854
IPUÃ,554,11,77427126,1955,16604
PRATÂNIA,555,11,77355652,626,5317
NOVA ODESSA,556,11,7658639,7172,60956
TAGUAÍ,557,11,74598685,1661,14141
QUELUZ,558,11,74481846,1598,13606
BARRA DO CHAPÉU,559,11,73611111,676,5760
MORRO AGUDO,560,11,72795001,3904,33288
POÁ,561,11,68577681,13830,118349
TABOÃO DA SERRA,562,11,66516829,34255,293652
DIADEMA,563,11,66120298,49765,426757
RESTINGA,564,11,6421409,894,7679
IRACEMÁPOLIS,565,11,61940359,2860,24614
VOTORANTIM,566,11,53731017,14260,123599
BOITUVA,567,11,50233232,7151,62170
CAJATI,568,11,50066681,3277,28494
UBARANA,569,11,46875,734,6400
NIPOÃ,570,11,4005285,604,5298
PAULÍNIA,571,11,39433765,12762,112003
CANAS,572,11,33743274,590,5204
BURI,573,11,29977461,2256,19965
SEVERÍNIA,574,11,27342733,1991,17661
BOM JESUS DOS PERDÕES,575,11,22955551,2918,25985
ITIRAPINA,576,11,20356774,2060,18387
SUZANO,577,11,16087025,33545,300559
ARUJÁ,578,11,1412179,10156,91157
CAIEIRAS,579,11,12819265,11437,102775
ITATINGA,580,11,12757516,2328,20921
CAMPO LIMPO PAULISTA,581,11,9643329,9492,85541
SUMARÉ,582,11,6491365,31669,286211
CUBATÃO,583,11,4341088,14536,131626
BERTIOGA,584,11,381626,7122,64723
SÃO SEBASTIÃO,585,10,96780622,9907,90328
SANTANA DE PARNAÍBA,586,10,96619138,15605,142301
MAIRIPORÃ,587,10,92733747,11139,101937
ÁLVARO DE CARVALHO,588,10,92150171,576,5274
HORTOLÂNDIA,589,10,89435198,25521,234259
NOVAIS,590,10,86627418,646,5945
RIO DAS PEDRAS,591,10,86238738,3882,35738
COTIA,592,10,85770165,27536,253608
VISTA ALEGRE DO ALTO,593,10,84659028,975,8989
RIOLÂNDIA,594,10,82827646,1374,12689
CANITAR,595,10,63869992,563,5292
CARAPICUÍBA,596,10,59593286,42721,403183
MARABÁ PAULISTA,597,10,59179556,630,5948
ORINDIÚVA,598,10,57825966,761,7194
ALUMÍNIO,599,10,53977727,1978,18767
IBATÉ,600,10,52943166,3735,35472
PITANGUEIRAS,601,10,52894212,4220,40080
GUARIBA,602,10,51448613,4257,40487
PIRAPORA DO BOM JESUS,603,10,36604443,1988,19178
AREIÓPOLIS,604,10,33339308,1153,11158
DOBRADA,605,10,29966704,928,9010
EMBU-GUAÇU,606,10,26880874,7178,69901
VARGEM GRANDE PAULISTA,607,10,20984514,5459,53468
AVANHANDAVA,608,10,1955408,1413,13859
PRADÓPOLIS,609,10,7177799,2203,21873
SERRA AZUL,610,10,4605834,1505,14981
LUÍS ANTÔNIO,611,10,3138896,1534,15292
MAUÁ,612,9,927714678,47410,477552
IPEÚNA,613,9,91283986,762,7687
EMBU DAS ARTES,614,9,750302855,26963,276535
ITAPECERICA DA SERRA,615,9,681867816,17201,177662
COSMÓPOLIS,616,9,664643275,7101,73474
GUAREÍ,617,9,630963096,1819,18887
LAVRINHAS,618,9,465189441,692,7311
ENGENHEIRO COELHO,619,9,289848934,1974,21249
CAJAMAR,620,9,255267277,7213,77934
ITUPEVA,621,9,211468963,5786,62813
FRANCISCO MORATO,622,9,209437436,16359,177633
GUARULHOS,623,9,174489861,127720,1392121
BARRINHA,624,9,15310428,3037,33180
BOM SUCESSO DE ITARARÉ,625,9,136546185,364,3984
NOVA CAMPINA,626,9,97363083,897,9860
VÁRZEA PAULISTA,627,9,94750185,11193,123071
SANTA GERTRUDES,628,9,57375552,2480,27381
FERRAZ DE VASCONCELOS,629,8,860559796,17411,196500
JANDIRA,630,8,712684795,11009,126356
CABREÚVA,631,8,705308453,4390,50429
ARAÇARIGUAMA,632,8,696412948,1988,22860
LOUVEIRA,633,8,609205289,4304,49993
IARAS,634,8,584638016,817,9517
TAQUARIVAÍ,635,8,441888005,499,5911
LAVÍNIA,636,8,35978836,1027,12285
IPERÓ,637,8,355283953,3172,37964
RIO GRANDE DA SERRA,638,8,25297457,4245,51436
POTIM,639,8,245125348,2072,25130
PONTAL,640,8,1651852,4069,50852
ITAPEVI,641,7,731541619,18630,240961
PALMARES PAULISTA,642,7,644965149,1031,13486
ITAQUAQUECETUBA,643,7,113657999,26677,375011
PRACINHA,644,6,95631529,293,4212
BALBINOS,645,5,915065723,351,5934
